method,setup,hyperparams,n_params,n_points,passes_kulfan,max_abs_error,max_upper_error,max_lower_error,upper_te_error,lower_te_error,worst_x,worst_surface,max_tol_ratio,weighted_rmse,mse,success,message,params_json
parsec,fixed,{},11,20001,False,0.006792532348184846,0.006370571495943285,0.006792532348184846,0.0022492682684953635,0.002249268268493587,0.03806023374435663,lower,16.981330870462113,5.936156535716383,8.413750627781487e-06,True,Both `ftol` and `xtol` termination conditions are satisfied.,"[0.013487990532591684, 0.3460748189149896, 0.12915480942554314, -12.102693772854424, 0.04446120101430704, -0.021531742811996175, 5.416358469483441, 0.002249268268495813, 0.0, 0.03600197771451527, 0.07071635229529412]"
cst,CST_ORDER=2,"{""CST_ORDER"": 2}",9,20001,False,0.0022218991966810875,0.0022218991966810875,0.0012781026239820116,0.0,0.0,0.005411745017609493,upper,5.121935447463441,1.536549307283723,7.679206119394231e-07,True,unbounded least squares,"[0.22744920805303642, 0.48634985975917333, 0.16317113287380167, 0.0011722154644207578, -0.12172379670344657, -0.046432006932797476, 0.09910686854469657, 0.20065947355583655, 0.0]"
cst,CST_ORDER=3,"{""CST_ORDER"": 3}",11,20001,False,0.0016215759094185267,0.0016215759094185267,0.0006676692912398249,0.0,0.0,0.0024076366639015356,upper,2.3382063874706263,0.9171248171369858,3.930973541624408e-07,True,unbounded least squares,"[0.19672397032329886, 0.27085740410826703, 0.4577385984829775, 0.12170170643118479, 0.2268162930985561, -0.13611136749239733, -0.09727205955625902, 0.07910815936566262, 0.06959642060692235, 0.2903495943003737, 0.0]"
cst,CST_ORDER=4,"{""CST_ORDER"": 4}",13,20001,False,0.0007559829044778144,0.0007559829044778144,0.0003848156740967612,0.0,0.0,0.18280335791817726,upper,1.028902238672004,0.3836088326361197,5.861127841127067e-08,True,unbounded least squares,"[0.16349411759754043, 0.10334239169584114, 0.5310755583058693, 0.2625028586536062, 0.1729608611215126, 0.5244432761317217, -0.14538599634310237, -0.12795437201788637, 0.07157941086675643, 0.03259308709194403, 0.08896113523857829, 0.36438616121072187, 0.0]"
cst,CST_ORDER=5,"{""CST_ORDER"": 5}",15,20001,False,0.000511753375037222,0.000511753375037222,0.00029169470685777577,0.0,0.0,0.0006022718974137975,upper,1.2793834375930548,0.27322266405299844,2.355008983654743e-08,True,unbounded least squares,"[0.17938909499997827, 0.2437468184789252, 0.32483150516049053, 0.4874827311469251, 0.19770726750618314, 0.1931058715277983, 0.3319261334760449, -0.14953374607888473, -0.1354139011576865, 0.05883508346490457, 0.011040204859295851, 0.07135362793080334, 0.07804487891536284, 0.4011324864378989, 0.0]"
cst,CST_ORDER=6,"{""CST_ORDER"": 6}",17,20001,False,0.0004905222870120593,0.0004905222870120593,0.0002872593114490291,0.0,0.0,0.0006022718974137975,upper,1.2263057175301482,0.2630819355204396,2.3747610284343183e-08,True,unbounded least squares,"[0.17828352975162803, 0.23788615500679067, 0.3399429724486482, 0.3739869144595285, 0.4158553073790816, 0.1830872188821877, 0.19798788534262313, 0.3410442433008685, -0.15189040992180636, -0.13846943491617464, 0.052209598492125135, -0.01218377441509311, 0.06823228947493944, 0.05180228758466975, 0.08533509760330771, 0.4248659631243163, 0.0]"
cst,CST_ORDER=7,"{""CST_ORDER"": 7}",19,20001,True,0.0003251459796124855,0.0002765879706495625,0.0003251459796124855,0.0,0.0,0.0006022718974137975,lower,0.8128649490312138,0.15428268449588423,5.797535541094747e-09,True,unbounded least squares,"[0.16513395001702905, 0.13137424981807289, 0.48432108697870574, 0.13199875130684355, 0.6303441747924515, 0.17121467771026927, 0.27547089435283795, 0.16919769165063359, 0.5368519477297761, -0.15408856319618378, -0.145675724127089, 0.05598867408772545, -0.04311816254617012, 0.0794775528445477, 0.02218858661101175, 0.07714279310140122, 0.0788626992444877, 0.4523614047891203, 0.0]"
bspline,BSPLINE_N_CTRL=5,"{""BSPLINE_N_CTRL"": 5}",6,20001,False,0.0067864723131714905,0.0067864723131714905,0.0011989191900540486,0.0,0.0,0.5490085701647803,upper,8.483090391464362,3.3199407397583536,5.698318279331796e-06,True,unbounded least squares,"[0.03111596793031503, 0.20966689122300786, 0.0637198471235041, -0.026266037185140267, -0.0006847533460523931, 0.020729114953226338]"
bspline,BSPLINE_N_CTRL=6,"{""BSPLINE_N_CTRL"": 6}",8,20001,False,0.0017613168618530323,0.0017613168618530323,0.0008661281563560278,0.0,0.0,0.7570513720966108,upper,2.20164607731629,0.9647644026379198,4.599531839061679e-07,True,unbounded least squares,"[0.03131576835104222, 0.13682006264613683, 0.19041175299645968, 0.016048856269152534, -0.022540882910357534, -0.014387766130399136, 0.018662144707093486, 0.01321279000964727]"
bspline,BSPLINE_N_CTRL=7,"{""BSPLINE_N_CTRL"": 7}",10,20001,False,0.002158114958369234,0.002158114958369234,0.00048657436455066747,0.0,0.0,0.0024076366639015356,upper,2.9381171104873784,1.1560492974380538,6.380056084149849e-07,True,unbounded least squares,"[0.028385908439933303, 0.09584187389556087, 0.20654190868608374, 0.10189346497144873, 0.00973244289998983, -0.02043728145423878, -0.01627999104059786, -0.0004118678856652744, 0.025793176742886323, 0.006862704731054697]"
bspline,BSPLINE_N_CTRL=8,"{""BSPLINE_N_CTRL"": 8}",12,20001,True,0.0007098509244683887,0.0007098509244683887,0.00037572507004028817,0.0,0.0,0.0006022718974137975,lower,0.9393126751007204,0.35088443903461614,5.812672291293779e-08,True,unbounded least squares,"[0.018048197949540785, 0.10488994537576454, 0.11888670677566769, 0.22623247099093527, 0.025103340262301745, 0.015346181910638452, -0.01876373498846397, -0.015415347791401243, -0.014843317940102777, 0.023753623054460115, 0.01562884937363013, 0.005738997567115285]"
hickshenne,HH_N_BUMPS=1,"{""HH_N_BUMPS"": 1}",2,20001,False,0.01860650221600192,0.01860650221600192,0.011934733572601504,0.0,0.0,0.16422052257649083,upper,31.088602114316444,14.412102539448256,6.86618946404146e-05,True,unbounded least squares,"[0.0686631988366096, 0.06668657697252377]"
hickshenne,HH_N_BUMPS=2,"{""HH_N_BUMPS"": 2}",4,20001,False,0.02051980868959212,0.02051980868959212,0.010211256854864176,0.0,0.0,0.524533837163709,upper,25.64976086199015,11.161629860573997,6.13806954988581e-05,True,unbounded least squares,"[0.062316270631493365, 0.0322981896500579, 0.05404955546899304, 0.041024784914601056]"
hickshenne,HH_N_BUMPS=3,"{""HH_N_BUMPS"": 3}",6,20001,False,0.003584333900396669,0.003584333900396669,0.0014115695690704762,0.0,0.0,0.7137775467151409,upper,4.480417375495836,1.7039505692978525,1.4505830224831175e-06,True,unbounded least squares,"[0.019549284286082467, 0.0649687110044476, -0.010904207845754296, 0.02203035086139892, 0.053020544295512985, 0.008885192519383769]"
hickshenne,HH_N_BUMPS=4,"{""HH_N_BUMPS"": 4}",8,20001,False,0.0035782863506946955,0.0035782863506946955,0.0005659006346960126,0.0,0.0,0.524533837163709,upper,4.472857938368369,1.803010071940844,1.6810032811838805e-06,True,unbounded least squares,"[0.0018704565800264565, 0.05939974081582336, 0.017924020325839545, -0.006423772925396549, 0.010784763631328003, 0.04022494367908559, 0.028463922506934018, 0.004088769646899772]"
hickshenne,HH_N_BUMPS=5,"{""HH_N_BUMPS"": 5}",10,20001,False,0.0014350567396141933,0.0014350567396141933,0.0004817762175849862,0.0,0.0,0.005411745017609493,upper,2.749163363208267,0.8216815653008437,2.3955977406928103e-07,True,unbounded least squares,"[0.004141735724209136, 0.018465283401083422, 0.06362296339050194, -0.01342255683171254, 0.0007975746095307551, 0.004745361207512022, 0.027963778467488154, 0.032557317762257704, 0.015431869239478438, 0.0019266291119215636]"
hickshenne,HH_N_BUMPS=6,"{""HH_N_BUMPS"": 6}",12,20001,False,0.0012630331175365328,0.0012630331175365328,0.00043074771331381295,0.0,0.0,0.7137775467151409,upper,1.578791396920666,0.5726073906908165,1.6037038137995913e-07,True,unbounded least squares,"[0.00011168791016307108, 0.014569834522827889, 0.038841525225461915, 0.03314598689856498, -0.01630809937446344, 0.0030339378588312674, 0.001505180504760817, 0.020066811858523208, 0.026772085380171153, 0.02480631744809077, 0.007528176505512341, 0.0014175410325715447]"
hickshenne,HH_N_BUMPS=7,"{""HH_N_BUMPS"": 7}",14,20001,False,0.0008473805058425016,0.0008473805058425016,0.0005035221054078675,0.0,0.0,0.0006022718974137975,lower,1.2588052635196687,0.40805278708327347,7.141081618206555e-08,True,unbounded least squares,"[-0.005108994897669322, 0.029396753510642304, -0.020012161866474438, 0.09267666658783943, -0.024339430968615423, -0.001709734421470959, 0.0014981968632634586, -0.00019165502494558568, 0.014810712583191322, 0.01940664053778234, 0.02818229087127275, 0.013430581224715119, 0.005169051766752669, 0.0008759817117136349]"
hickshenne,HH_N_BUMPS=8,"{""HH_N_BUMPS"": 8}",16,20001,False,0.00046875637363590896,0.00033275762594968394,0.00046875637363590896,0.0,0.0,0.0006022718974137975,lower,1.1718909340897723,0.2131698608158723,1.468900247768474e-08,True,unbounded least squares,"[-0.0017033417414063327, 0.0019932560821015397, 0.03994628969972098, -0.019294828995827615, 0.08755904647342869, -0.042319395581114, 0.005925258976923097, 6.190300714719623e-05, -8.944087437203452e-05, 0.006295285359828956, 0.024737421862059985, 0.013019324074335214, 0.026665801711195772, 0.006396637181009877, 0.003912491370643523, 0.0005260634159415601]"
hickshenne,HH_N_BUMPS=9,"{""HH_N_BUMPS"": 9}",18,20001,True,0.00044279747825379245,0.00044279747825379245,0.000382763000613213,0.0,0.0,0.0006022718974137975,lower,0.9569075015330324,0.24486345918806685,2.338257586959396e-08,True,unbounded least squares,"[-0.0006197265033390131, -0.007263683040202709, 0.05240437560915686, -0.047231698897472474, 0.09075044519318873, -0.0009595512251154842, -0.019934088305877264, 0.00495718621391632, -0.00010620341246698297, 0.0006829586963489916, -0.002348413078807624, 0.03509886896736726, -0.009772573484082399, 0.042146880090225235, 0.0050393546576547425, 0.007807851247345997, 0.002213118357888075, 0.0004672123863705641]"
ffd,FFD_PIN_MODE=corners;FFD_N_ROWS=2;FFD_M=2,"{""FFD_M"": 2, ""FFD_N_ROWS"": 2, ""FFD_PIN_MODE"": ""corners""}",2,20001,False,0.02059211872630736,0.02059211872630736,0.009897247038141186,0.0,0.0,0.8171966420818226,upper,25.7401484078842,12.858093400330102,6.473545306479928e-05,True,unbounded least squares,"[0.12371336906609953, 0.13636934855979044]"
ffd,FFD_PIN_MODE=corners;FFD_N_ROWS=2;FFD_M=3,"{""FFD_M"": 3, ""FFD_N_ROWS"": 2, ""FFD_PIN_MODE"": ""corners""}",4,20001,False,0.007494050265184772,0.007494050265184772,0.005598157649585295,0.0,0.0,0.04800535343827833,lower,10.987869281956314,5.016678416980545,1.1418710107654357e-05,True,unbounded least squares,"[0.10888276960759491, 0.05724695491983681, 0.13830208958148626, 0.03486289993293708]"
ffd,FFD_PIN_MODE=corners;FFD_N_ROWS=3;FFD_M=2,"{""FFD_M"": 2, ""FFD_N_ROWS"": 3, ""FFD_PIN_MODE"": ""corners""}",5,20001,False,0.009582755413984678,0.009582755413984678,0.00787179767833985,0.0021347247255428968,0.0021347247255428968,0.09839623425967753,lower,19.67949419584962,8.564980288961857,2.2962987622952127e-05,True,unbounded least squares,"[0.1632917254046138, 0.013750360399866816, 0.005553831398445658, -0.0042694494510857935, 0.17594770489830472]"
ffd,FFD_PIN_MODE=corners;FFD_N_ROWS=2;FFD_M=4,"{""FFD_M"": 4, ""FFD_N_ROWS"": 2, ""FFD_PIN_MODE"": ""corners""}",6,20001,False,0.004378740844299046,0.004378740844299046,0.0029564853173217453,0.0,0.0,0.029227967408489597,lower,7.391213293304363,3.289657358428586,4.332596036737831e-06,True,unbounded least squares,"[0.10831287020579769, 0.016692963469161923, 0.09767059160112156, 0.07806203428165835, 0.15078625026345363, -0.02734665685546298]"
ffd,FFD_PIN_MODE=corners;FFD_N_ROWS=2;FFD_M=5,"{""FFD_M"": 5, ""FFD_N_ROWS"": 2, ""FFD_PIN_MODE"": ""corners""}",8,20001,False,0.0035536498770911812,0.0011127981637657613,0.0035536498770911812,0.0,0.0,0.029227967408489597,lower,6.653868242442692,2.176476754268177,1.7497206806870538e-06,True,unbounded least squares,"[0.08023412672326584, 0.0754180181205252, 0.011747606135452232, 0.10574628953063495, 0.08667204552355089, 0.04349832044579938, 0.17675856905811893, -0.07245527736013173]"
ffd,FFD_PIN_MODE=corners;FFD_N_ROWS=3;FFD_M=3,"{""FFD_M"": 3, ""FFD_N_ROWS"": 3, ""FFD_PIN_MODE"": ""corners""}",8,20001,False,0.0068067573539317226,0.0063506258657932135,0.0068067573539317226,0.00046831739340234086,0.00046831739340234086,0.8535533905932737,lower,8.508446692414653,4.359600673863137,9.698440619094782e-06,True,unbounded least squares,"[0.08726956251521176, 0.0713741608326331, 0.0013237333248689183, 0.19756459480980132, 0.011269276301476944, 0.0009366347868046817, 0.11668888248910318, 0.048990105845733295]"
ffd,FFD_PIN_MODE=corners;FFD_N_ROWS=4;FFD_M=2,"{""FFD_M"": 2, ""FFD_N_ROWS"": 4, ""FFD_PIN_MODE"": ""corners""}",8,20001,False,0.007751347142055876,0.0068751801999333345,0.007751347142055876,0.0021347247255428317,0.0021347247255428317,0.1134947733186315,lower,19.37836785513969,7.355978026300079,1.086826334975956e-05,True,unbounded least squares,"[0.1593437610089411, 0.019684867675786262, 0.01865623279517831, 0.06599822596936533, -0.0013510538092973705, 0.10182868583705432, -0.07169082523747955, 0.1798956692939776]"
ffd,FFD_PIN_MODE=corners;FFD_N_ROWS=2;FFD_M=6,"{""FFD_M"": 6, ""FFD_N_ROWS"": 2, ""FFD_PIN_MODE"": ""corners""}",10,20001,False,0.001816063881386644,0.001816063881386644,0.0014035511601771054,0.0,0.0,0.021529832133895588,lower,3.508877900442763,1.05177876027998,4.151685754457151e-07,True,unbounded least squares,"[0.08995240531757566, -0.012535906330479449, 0.1946377589934841, -0.08864502868062148, 0.14213946002664588, 0.06556200371163032, 0.08324916653008999, 0.057881798501725354, 0.15441724427950534, -0.0937046219774474]"
ffd,FFD_PIN_MODE=corners;FFD_N_ROWS=3;FFD_M=4,"{""FFD_M"": 4, ""FFD_N_ROWS"": 3, ""FFD_PIN_MODE"": ""corners""}",11,20001,False,0.0035254367054551035,0.003453282088565119,0.0035254367054551035,1.2917550348404175e-05,1.2917550348404175e-05,0.9157348061512727,lower,4.406795881818879,2.153869883689529,2.5285437348750164e-06,True,unbounded least squares,"[0.09357164968575972, 0.00887688893428036, 0.14094330993503945, 0.0008948907730475555, 0.15573747759849954, 0.05076508767436883, -0.012260590445014574, 2.583510069680835e-05, 0.06332081376162026, 0.1429701757285722, 0.015926061478454972]"
ffd,FFD_PIN_MODE=corners;FFD_N_ROWS=2;FFD_M=7,"{""FFD_M"": 7, ""FFD_N_ROWS"": 2, ""FFD_PIN_MODE"": ""corners""}",12,20001,False,0.001509413178764012,0.0014274977358594409,0.001509413178764012,0.0,0.0,0.021529832133895588,lower,3.3319014437640333,1.0022396507079503,3.688897667515172e-07,True,unbounded least squares,"[0.07597120722844608, 0.021382668336981797, 0.09438602428469928, 0.09145580662740792, -0.0397961202040397, 0.12962448896868609, 0.060917917051669386, 0.05675713736149867, 0.11435559544535381, 0.045110989950865835, 0.12033291092120213, -0.0927719886420695]"
ffd,FFD_PIN_MODE=corners;FFD_N_ROWS=4;FFD_M=3,"{""FFD_M"": 3, ""FFD_N_ROWS"": 4, ""FFD_PIN_MODE"": ""corners""}",12,20001,False,0.0008353920952669791,0.0008353920952669791,0.0004683173934023621,0.0004683173934023621,0.0004683173934023621,0.0006022718974137975,upper,2.0884802381674477,0.5680794999965824,1.0907819416153245e-07,True,unbounded least squares,"[0.10482088278901253, 0.024776273755711134, 0.007520898948379859, 0.14176351093670528, 0.06476564789713113, 0.06503928347664314, -0.005755921181888129, 0.1896420971444687, -0.009618523935705661, -0.06379043709423685, 0.09913756221530262, 0.09558799292265414]"
ffd,FFD_PIN_MODE=corners;FFD_N_ROWS=2;FFD_M=8,"{""FFD_M"": 8, ""FFD_N_ROWS"": 2, ""FFD_PIN_MODE"": ""corners""}",14,20001,False,0.0012648018307128816,0.0012648018307128816,0.000951288498775172,0.0,0.0,0.005411745017609493,lower,2.37822124693793,0.7444624146668292,1.9811395895767713e-07,True,unbounded least squares,"[0.07886343079340888, -0.028928112037398035, 0.23217886080130892, -0.16139989890730355, 0.2885444450676243, -0.14432527053521074, 0.1590826121710044, 0.04408959685173477, 0.10415398992593587, -0.02807193492253021, 0.272939158997701, -0.1243166859025195, 0.19241505706868836, -0.12256987753722595]"
ffd,FFD_PIN_MODE=corners;FFD_N_ROWS=3;FFD_M=5,"{""FFD_M"": 5, ""FFD_N_ROWS"": 3, ""FFD_PIN_MODE"": ""corners""}",14,20001,False,0.0023504139788440796,0.0023504139788440796,0.0023160340620130586,2.9447619200176465e-05,2.9447619200176465e-05,0.03806023374435663,upper,3.14291740679172,1.553981426550671,1.0041891513006564e-06,True,unbounded least squares,"[-1.5673158820215545, 2.0342612983919524, -3.5703500240687416, -2.1775577739089615, 0.00012264698374619412, 1.7905628852477156, 7.407390880511841, 3.6301196820057906, 2.3170243887703177, 5.889523840035293e-05, -1.560877963221268, 2.0023416007172172, -3.4053390611460674, -2.355759340799722]"
ffd,FFD_PIN_MODE=corners;FFD_N_ROWS=2;FFD_M=9,"{""FFD_M"": 9, ""FFD_N_ROWS"": 2, ""FFD_PIN_MODE"": ""corners""}",16,20001,False,0.0010655189709657272,0.0008403768863573949,0.0010655189709657272,0.0,0.0,0.0024076366639015356,lower,2.1915586826706908,0.6706352612308722,1.457213856933971e-07,True,unbounded least squares,"[0.06882456996462441, 0.0006477284706232211, 0.12865316037669997, 0.050935345107850645, -0.02165270910323862, 0.20803023354427969, -0.11827882888716955, 0.15507746885558446, 0.045604488127854774, 0.05248249459854328, 0.1290196015199421, -0.061086716832674644, 0.32529298592494377, -0.19034908058211303, 0.203694999005984, -0.129427482561193]"
ffd,FFD_PIN_MODE=corners;FFD_N_ROWS=4;FFD_M=4,"{""FFD_M"": 4, ""FFD_N_ROWS"": 4, ""FFD_PIN_MODE"": ""corners""}",16,20001,False,0.0006956349172328562,0.0006956349172328562,0.0004010213380734439,1.2917550348351403e-05,1.2917550348351403e-05,0.0006022718974137975,upper,1.7390872930821404,0.3790340534908126,3.685664720134553e-08,True,unbounded least squares,"[0.06765006545761486, 0.08492252523928207, 0.0073401422793889885, 0.005849260477306778, 0.13982307468299124, 0.04713479705784988, 0.11783066845156699, 0.05896768091188716, -0.004656072779910002, 0.12012438326413408, 0.071167674728927, -0.0818883319070881, -0.05893323411095823, 0.08924239798976519, 0.06692453942357132, 0.14952922913410413]"
ffd,FFD_PIN_MODE=corners;FFD_N_ROWS=3;FFD_M=6,"{""FFD_M"": 6, ""FFD_N_ROWS"": 3, ""FFD_PIN_MODE"": ""corners""}",17,20001,False,0.0016087650689000066,0.0015803822312498179,0.0016087650689000066,4.101898136816078e-05,4.101898136816078e-05,0.9619397662556434,lower,2.010956336125008,0.8912191494806231,3.5134381431604264e-07,True,unbounded least squares,"[-1.298873028851822, 0.5356439195619951, -0.23059098239546663, -4.293514968107837, -2.6279926185775127, 0.00013475015499260073, 1.4992230083399072, 5.823592426403713, 7.169529113800227, 4.290097031878039, 2.787203925501355, 8.203796273632156e-05, -1.3232634304577668, 0.6314289924225674, -0.3673469428872347, -4.050452695147704, -2.863836700581605]"
ffd,FFD_PIN_MODE=corners;FFD_N_ROWS=2;FFD_M=10,"{""FFD_M"": 10, ""FFD_N_ROWS"": 2, ""FFD_PIN_MODE"": ""corners""}",18,20001,False,0.000816923589836518,0.0006722796892681673,0.000816923589836518,0.0,0.0,0.0024076366639015356,lower,2.0423089745912946,0.4858806982051391,6.776476266766469e-08,True,unbounded least squares,"[0.07396113482306466, -0.062332286594034225, 0.34273266782491985, -0.44501633783902905, 0.7608628226320102, -0.6640410506686169, 0.6084983123008251, -0.28501133851354254, 0.19310446788227514, 0.03188974700188377, 0.10731463422611152, -0.07769540306116786, 0.4046501539810097, -0.43853343974639863, 0.7064594758465734, -0.4916479079088937, 0.33329402147781, -0.16623870292654586]"
ffd,FFD_PIN_MODE=corners;FFD_N_ROWS=2;FFD_M=11,"{""FFD_M"": 11, ""FFD_N_ROWS"": 2, ""FFD_PIN_MODE"": ""corners""}",20,20001,False,0.0008115130343102689,0.0006047555898132219,0.0008115130343102689,0.0,0.0,0.0024076366639015356,lower,2.028782585775672,0.48506827045714684,6.569547850414547e-08,True,unbounded least squares,"[0.06638482569610529, -0.03210652442022304, 0.21293509360957083, -0.1120196716539064, 0.13208375979289777, 0.2153925284922992, -0.295480532200485, 0.426213399237344, -0.22459434355175176, 0.1817931965245601, 0.030611881660378978, 0.08205958685955426, 0.015355459573319484, 0.12868245855743732, 0.10776204564620767, -0.10545791215644203, 0.42477777935571454, -0.355760697770943, 0.27676097808887706, -0.15841217295117843]"
ffd,FFD_PIN_MODE=corners;FFD_N_ROWS=3;FFD_M=7,"{""FFD_M"": 7, ""FFD_N_ROWS"": 3, ""FFD_PIN_MODE"": ""corners""}",20,20001,False,0.0014694381899159165,0.0014674727247074252,0.0014694381899159165,6.4093550500260465e-06,6.4093550500260465e-06,0.021529832133895588,upper,2.02125988530687,0.8914618416035515,3.1965924814086186e-07,True,unbounded least squares,"[-2.031934179210112, -3.0558954530097044, 4.2246740231332485, -10.96061561321314, -12.877602888582526, -5.480993532345856, 0.00010755140936891637, 2.2043995977008266, 11.352701407436417, 28.15387625954826, 20.59367009583869, 12.855463891812239, 5.630981630164399, -1.2818710100052093e-05, -2.0469874693868824, -3.020520983985202, 4.244643594293901, -11.006960429889688, -12.717473857457266, -5.703390009956615]"
ffd,FFD_PIN_MODE=corners;FFD_N_ROWS=4;FFD_M=5,"{""FFD_M"": 5, ""FFD_N_ROWS"": 4, ""FFD_PIN_MODE"": ""corners""}",20,20001,False,0.0004178173497009878,0.00030550139540556735,0.0004178173497009878,2.9447619200529546e-05,2.9447619200529546e-05,0.0006022718974137975,lower,1.0445433742524695,0.16760509152533593,6.095362330717943e-09,True,unbounded least squares,"[-0.3679715378303962, 0.5760624084038753, -0.8614776303130072, -0.6586173706067495, 0.0067801686196033275, -0.5499630274798567, 2.5032705649332856, -1.3484593375506646, -0.7911706767550359, 0.06095055141757317, -0.006616639307940719, 1.8946489260632187, 8.718784908792294, 3.863389218488282, 2.3694308235468857, -0.06087202443303843, -2.7602223074143972, 3.4605404907076274, -6.114211454906086, -3.874699744104897]"
ffd,FFD_PIN_MODE=corners;FFD_N_ROWS=2;FFD_M=12,"{""FFD_M"": 12, ""FFD_N_ROWS"": 2, ""FFD_PIN_MODE"": ""corners""}",22,20001,False,0.0007853022425492015,0.0005304124565978247,0.0007853022425492015,0.0,0.0,0.0006022718974137975,lower,1.9632556063730038,0.408737762305934,4.259293166202725e-08,True,unbounded least squares,"[0.0695122290168405, -0.08151455215504207, 0.41708735158892735, -0.7035462724555778, 1.327547927146432, -1.576332508376056, 1.7460470573654145, -1.334231337426934, 0.9388527672335062, -0.39772263465279145, 0.21454802059920966, 0.021030212625026704, 0.1250242175228988, -0.1724561197763257, 0.6304623806104815, -0.8983641823126859, 1.4051640284638742, -1.329019161470151, 1.2634577318997164, -0.7996897958975476, 0.4267611213418583, -0.19090010425465886]"
ffd,FFD_PIN_MODE=corners;FFD_N_ROWS=3;FFD_M=8,"{""FFD_M"": 8, ""FFD_N_ROWS"": 3, ""FFD_PIN_MODE"": ""corners""}",23,20001,False,0.001093626875312904,0.001093626875312904,0.0010694647292616112,5.634858333344017e-06,5.634858333344017e-06,0.0006022718974137975,lower,1.7843780270556275,0.6407733468034432,1.5811998898774587e-07,True,unbounded least squares,"[-1.038710531396005, -1.2083111820431987, -1.6911607261476749, 5.3249926923193, -23.438218294327815, 15.213710839933276, 26.744329265258354, 0.00012992937622086336, 1.19775809535336, 4.905006521027743, 13.315761551157534, 25.944744576121195, -7.699949281402257, -15.310165352475268, -26.570766629193187, 1.1269716666688034e-05, -1.073484365337677, -1.0752290800798718, -1.951411521871517, 5.759331750224322, -23.85107942529797, 15.550451167537144, 26.46267677555016]"
ffd,FFD_PIN_MODE=corners;FFD_N_ROWS=2;FFD_M=13,"{""FFD_M"": 13, ""FFD_N_ROWS"": 2, ""FFD_PIN_MODE"": ""corners""}",24,20001,False,0.0007798307553390925,0.0005325090783389235,0.0007798307553390925,0.0,0.0,0.0006022718974137975,lower,1.9495768883477311,0.4045358711133472,4.072102550923483e-08,True,unbounded least squares,"[0.06422512139787034, -0.05992424606467851, 0.31171173881196657, -0.38802013490201026, 0.5993401217420791, -0.2933691340145842, -0.01499340016897377, 0.5768000400991796, -0.6736019998519933, 0.6630005261507911, -0.31858765579955006, 0.20153702272145094, 0.02089879840963156, 0.09589713719285495, -0.04433273310432548, 0.21061706383447323, 0.03912607549462337, -0.17052684361758907, 0.6995244918768093, -0.7816249092660718, 0.8974983576291233, -0.6325670674488243, 0.36560929254786867, -0.18178073540907966]"
ffd,FFD_PIN_MODE=corners;FFD_N_ROWS=4;FFD_M=6,"{""FFD_M"": 6, ""FFD_N_ROWS"": 4, ""FFD_PIN_MODE"": ""corners""}",24,20001,True,0.000375081033814768,0.00027271795522530295,0.000375081033814768,4.101898136961435e-05,4.101898136961435e-05,0.0006022718974137975,lower,0.93770258453692,0.15325917586937757,4.860394077022354e-09,True,unbounded least squares,"[3.9528396760697797, 4.1663309346141775, -8.88498351915539, 36.50250456909647, 26.523004859236337, 0.007718078974443995, -4.75391464308863, -15.933110211584246, -34.684301222758016, -39.3178266232906, -28.26418734235805, 0.05669416299828082, -0.007538412101121651, 5.878833167790086, 24.086924417639672, 44.04436073331103, 42.25663344488442, 30.1498494700993, -0.05658477904796185, -6.5749761354328085, -2.999258022691172, 8.287045594005296, -44.84647223287581, -32.01483417877306]"
