x,tol,z_upper_ref,z_upper_fit,upper_error,upper_abs_error,z_lower_ref,z_lower_fit,lower_error,lower_abs_error
0.0,0.0004,0.0,0.0,0.0,0.0,0.0,0.0,0.0,0.0
0.0006022718974137975,0.0004,0.004091868686378999,0.0043684566570285615,0.0002765879706495625,0.0002765879706495625,-0.0031818406982389203,-0.0035069866778514058,-0.0003251459796124855,0.0003251459796124855
0.0024076366639015356,0.0004,0.009262007010249367,0.00932698631082537,6.497930057600305e-05,6.497930057600305e-05,-0.006400660350086546,-0.006464823276903987,-6.416292681744092e-05,6.416292681744092e-05
0.005411745017609493,0.0004,0.014802884348036465,0.0147950703589271,-7.81398910936447e-06,7.81398910936447e-06,-0.00898854213773798,-0.008891843832257242,9.669830548073716e-05,9.669830548073716e-05
0.009607359798384785,0.0004,0.0208399850640306,0.02067708628940256,-0.00016289877462803692,0.00016289877462803692,-0.011071582747307135,-0.01082593032911568,0.0002456524181914544,0.0002456524181914544
0.014984373402728013,0.0004,0.02699660468307576,0.026872364570643507,-0.00012424011243225216,0.00012424011243225216,-0.012355979746153736,-0.012317297372943532,3.868237321020401e-05,3.868237321020401e-05
0.021529832133895588,0.0004,0.03321187087843371,0.0332840162466625,7.214536822879036e-05,7.214536822879036e-05,-0.013305948650808454,-0.013421868227217824,-0.00011591957640937067,0.00011591957640937067
0.029227967408489597,0.0004,0.039922583238660506,0.03982514025618284,-9.744298247766486e-05,9.744298247766486e-05,-0.014149909494888738,-0.014195413344361675,-4.5503849472936994e-05,4.5503849472936994e-05
0.03806023374435663,0.0004,0.04628515487367058,0.04642219191781055,0.00013703704413996903,0.00013703704413996903,-0.014604385983937478,-0.014689045316298914,-8.465933236143607e-05,8.465933236143607e-05
0.04800535343827833,0.0004,0.05294545749995136,0.05301549767663946,7.004017668810203e-05,7.004017668810203e-05,-0.014938811411237853,-0.014946253635274387,-7.4422240365339815e-06,7.4422240365339815e-06
0.059039367825822475,0.0004,0.05951736125188416,0.05955745178373472,4.009053185056316e-05,4.009053185056316e-05,-0.015022164605375095,-0.015001539957084952,2.062464829014239e-05,2.062464829014239e-05
0.07113569499986394,0.0004,0.06593119015928113,0.06600917173938037,7.798158009923728e-05,7.798158009923728e-05,-0.014893941178600824,-0.014880484617838757,1.3456560762067221e-05,1.3456560762067221e-05
0.08426519384872738,0.0004,0.07249362206085326,0.07233653439918315,-0.0001570876616701078,0.0001570876616701078,-0.014643904702983221,-0.014600932184336616,4.2972518646605326e-05,4.2972518646605326e-05
0.09839623425967753,0.0004,0.07848709195398737,0.07850649545158475,1.9403497597381136e-05,1.9403497597381136e-05,-0.01417942375703906,-0.014174896930874618,4.526826164441902e-06,4.526826164441902e-06
0.1134947733186315,0.0004,0.08452645526931442,0.0844843927183481,-4.206255096632361e-05,4.206255096632361e-05,-0.01362280075733233,-0.013610762204992483,1.2038552339846409e-05,1.2038552339846409e-05
0.12952443732252045,0.0004,0.09029925121613155,0.09023266522255469,-6.658599357686756e-05,6.658599357686756e-05,-0.012926413674796453,-0.012915392447610348,1.1021227186104945e-05,1.1021227186104945e-05
0.1464466094067262,0.0004,0.09566576169263526,0.09571106464832718,4.530295569192544e-05,4.530295569192544e-05,-0.012088555713888893,-0.012095861302038864,-7.305588149970552e-06,7.305588149970552e-06
0.16422052257649083,0.0004,0.10086947460383323,0.1008781213918394,8.646788006161366e-06,8.646788006161366e-06,-0.011154713801112073,-0.01116061883906672,-5.9050379546468634e-06,5.9050379546468634e-06
0.18280335791817726,0.0004,0.10569055775725465,0.10569338973726403,2.8319800093740133e-06,2.8319800093740133e-06,-0.010109739257955082,-0.010120047313212945,-1.030805525786306e-05,1.030805525786306e-05
0.20215034775378327,0.0008,0.11003096923805517,0.11011982348008258,8.885424202741132e-05,8.885424202741132e-05,-0.008965987860109456,-0.0089864625926445,-2.0474732535044268e-05,2.0474732535044268e-05
0.22221488349019886,0.0008,0.11406255393459115,0.11412567687472218,6.312294013102737e-05,6.312294013102737e-05,-0.007755213227187382,-0.007773707633434336,-1.8494406246953587e-05,1.8494406246953587e-05
0.24294862790338917,0.0008,0.117729660320868,0.11768541875494294,-4.4241565925057236e-05,4.4241565925057236e-05,-0.00648544174999205,-0.006496524619073647,-1.1082869081597418e-05,1.1082869081597418e-05
0.2643016315870011,0.0008,0.12078218830324534,0.12077939025599436,-2.7980472509792076e-06,2.7980472509792076e-06,-0.005166300546506563,-0.00516989832195403,-3.5977754474676715e-06,3.5977754474676715e-06
0.2862224532848589,0.0008,0.12338675246739376,0.12339223316147947,5.480694085707727e-06,5.480694085707727e-06,-0.0038145130960540773,-0.003808530444381888,5.982651672189164e-06,5.982651672189164e-06
0.3086582838174551,0.0008,0.12553886668799505,0.12551038141768076,-2.8485270314293487e-05,2.8485270314293487e-05,-0.002439065459521542,-0.0024265452586100652,1.252020091147693e-05,1.252020091147693e-05
0.33155507330389,0.0008,0.127203954578556,0.1271191504884189,-8.480409013708612e-05,8.480409013708612e-05,-0.0010502229722692577,-0.0010374571108712092,1.2765861398048462e-05,1.2765861398048462e-05
0.35485766137276886,0.0008,0.12827848817565962,0.12820009417780792,-7.839399785170009e-05,7.839399785170009e-05,0.00033520656929821925,0.0003456383997651465,1.043183046692725e-05,1.043183046692725e-05
0.378509910048368,0.0008,0.12872657305931487,0.12872929168821629,2.7186289014158316e-06,2.7186289014158316e-06,0.001696936927618825,0.0017097402708549378,1.2803343236112742e-05,1.2803343236112742e-05
0.40245483899193585,0.0008,0.12861713936590422,0.12867711155590053,5.9972189996315706e-05,5.9972189996315706e-05,0.003031015883844944,0.0030416043415603376,1.0588457715393542e-05,1.0588457715393542e-05
0.42663476277231915,0.0008,0.12791439190340206,0.12800976138549147,9.536948208940799e-05,9.536948208940799e-05,0.004322485695780634,0.00432751197027452,5.026274493885943e-06,5.026274493885943e-06
0.4509914298352196,0.0008,0.1265937933771243,0.12669263022790328,9.883685077899385e-05,9.883685077899385e-05,0.005555898534161895,0.0055532400796901756,-2.6584544717198066e-06,2.6584544717198066e-06
0.47546616283629095,0.0008,0.12464579341480744,0.12469509995968305,4.930654487560193e-05,4.930654487560193e-05,0.006717522372242534,0.006704281872635338,-1.3240499607195325e-05,1.3240499607195325e-05
0.49999999999999994,0.0008,0.12199880998768367,0.121996229934522,-2.580053161671536e-06,2.580053161671536e-06,0.007787228570471901,0.007766314420208169,-2.0914150263731494e-05,2.0914150263731494e-05
0.524533837163709,0.0008,0.11863373695520933,0.11859050663478757,-4.323032042176378e-05,4.323032042176378e-05,0.008740394436545132,0.008725854701155559,-1.4539735389573066e-05,1.4539735389573066e-05
0.5490085701647803,0.0008,0.11459564742021908,0.11449279832095327,-0.00010284909926580599,0.00010284909926580599,0.009577640982994608,0.00957100742970697,-6.633553287636873e-06,6.633553287636873e-06
0.5733652372276808,0.0008,0.10987192675602511,0.1097416953851078,-0.00013023137091731918,0.00013023137091731918,0.01029207484153701,0.010292183152274951,1.0831073794098645e-07,1.0831073794098645e-07
0.5975451610080641,0.0008,0.10450481632454234,0.1044006431964468,-0.00010417312809553325,0.00010417312809553325,0.01087847280878337,0.01088267118389327,4.198375109900135e-06,4.198375109900135e-06
0.6214900899516319,0.0008,0.09859673111824323,0.09855654611569532,-4.018500254790447e-05,4.018500254790447e-05,0.011335346008339145,0.011338972091209983,3.626082870838293e-06,3.626082870838293e-06
0.645142338627231,0.0008,0.09228355673579139,0.09231589309026732,3.233635447592864e-05,3.233635447592864e-05,0.011664257098989425,0.011660839261136162,-3.4178378532628145e-06,3.4178378532628145e-06
0.66844492669611,0.0008,0.08565108376652737,0.08579878917908151,0.0001477054125541416,0.0001477054125541416,0.011834482217203967,0.011851026423827985,1.6544206624018523e-05,1.6544206624018523e-05
0.6913417161825448,0.0008,0.07896233646809352,0.07913158197219725,0.0001692455041037294,0.0001692455041037294,0.01188948436962573,0.0119147903919095,2.530602228376956e-05,2.530602228376956e-05
0.7137775467151409,0.0008,0.07231352885453597,0.07243895476418177,0.00012542590964580158,0.00012542590964580158,0.01184238498641545,0.011859236794991424,1.6851808575973556e-05,1.6851808575973556e-05
0.7356983684129988,0.0008,0.06577244716633815,0.06583642047709487,6.397331075672086e-05,6.397331075672086e-05,0.01170077690561989,0.011692620292007891,-8.1566136119985e-06,8.1566136119985e-06
0.7570513720966108,0.0008,0.059460203257143934,0.05942407198132695,-3.613127581698211e-05,3.613127581698211e-05,0.011421902200469175,0.011423712515535938,1.8103150667622692e-06,1.8103150667622692e-06
0.777785116509801,0.0008,0.05339523139415443,0.053282243497795506,-0.00011298789635892648,0.00011298789635892648,0.011067953678945872,0.011061334379841945,-6.619299103926765e-06,6.619299103926765e-06
0.7978496522462166,0.0008,0.04758557222922499,0.04746944780420328,-0.00011612442502171444,0.00011612442502171444,0.010651231005328199,0.010614111837231448,-3.711916809675045e-05,3.711916809675045e-05
0.8171966420818226,0.0008,0.042164785570856324,0.04202262823984495,-0.00014215733101137495,0.00014215733101137495,0.010099889977456197,0.01009047035859294,-9.419618863255874e-06,9.419618863255874e-06
0.8357794774235092,0.0008,0.037057956818689,0.036959442963915394,-9.851385477360752e-05,9.851385477360752e-05,0.009507090916815215,0.009498838927652556,-8.251989162658818e-06,8.251989162658818e-06
0.8535533905932737,0.0008,0.032304604810906405,0.03228204937156868,-2.2555439337726413e-05,2.2555439337726413e-05,0.008857026361633148,0.008847991986750119,-9.034374883028912e-06,9.034374883028912e-06
0.8704755626774794,0.0008,0.027972161292161443,0.027981697542676712,9.536250515269212e-06,9.536250515269212e-06,0.008133339940051767,0.008147435182035735,1.4095241983968013e-05,1.4095241983968013e-05
0.8865052266813684,0.0008,0.023932462090264492,0.024043398438277123,0.00011093634801263158,0.00011093634801263158,0.007412969103364775,0.007407736194687045,-5.232908677730262e-06,5.232908677730262e-06
0.9016037657403224,0.0008,0.020366769098930926,0.020450020117200516,8.325101826959017e-05,8.325101826959017e-05,0.006609946393435312,0.006640709829704573,3.076343626926079e-05,3.076343626926079e-05
0.9157348061512727,0.0008,0.017053572868173075,0.0171853270640607,0.00013175419588762685,0.00013175419588762685,0.005845891414451326,0.0058594022482132534,1.3510833761927118e-05,1.3510833761927118e-05
0.928864305000136,0.0008,0.014159752510674018,0.0142357229145868,7.597040391278155e-05,7.597040391278155e-05,0.005054412294233638,0.005077853394674625,2.3441100440987038e-05,2.3441100440987038e-05
0.9409606321741775,0.0008,0.011541291963458006,0.011590704561646448,4.94125981884419e-05,4.94125981884419e-05,0.004304156120273853,0.004310661245173565,6.505124899711633e-06,6.505124899711633e-06
0.9519946465617217,0.0008,0.009220079704457826,0.009242260450854849,2.218074639702243e-05,2.218074639702243e-05,0.0035862569921921855,0.0035724089359368614,-1.3848056255324082e-05,1.3848056255324082e-05
0.9619397662556434,0.0008,0.007229725717631729,0.007183608964327173,-4.6116753304556446e-05,4.6116753304556446e-05,0.002888483208486085,0.0028770389419622297,-1.144426652385528e-05,1.144426652385528e-05
0.9707720325915103,0.0008,0.005472308426210672,0.005407742632706458,-6.456579350421453e-05,6.456579350421453e-05,0.002263901330101637,0.002237268183680835,-2.6633146420801997e-05,2.6633146420801997e-05
0.9784701678661044,0.0008,0.004034529496563074,0.003906223194414549,-0.00012830630214852486,0.00012830630214852486,0.0016745578361489532,0.0016641273024612436,-1.0430533687709551e-05,1.0430533687709551e-05
0.985015626597272,0.0008,0.0028120356960696837,0.002668564003939619,-0.00014347169213006468,0.00014347169213006468,0.001173459403794782,0.0011666833401179626,-6.776063676819464e-06,6.776063676819464e-06
0.9903926402016152,0.0008,0.001803894354521164,0.0016823708881606243,-0.00012152346636053971,0.00012152346636053971,0.000754205095314523,0.0007519693050600959,-2.2357902544270633e-06,2.2357902544270633e-06
0.9945882549823906,0.0008,0.0010161185268625988,0.0009342259211862935,-8.18926056763053e-05,8.18926056763053e-05,0.00042483739055033877,0.00042510493372877777,2.675431784389978e-07,2.675431784389978e-07
0.9975923633360984,0.0008,0.00045206198965094726,0.00041112240491471085,-4.093958473623641e-05,4.093958473623641e-05,0.0001890063324042436,0.000189558902078097,5.525696738534094e-07,5.525696738534094e-07
0.9993977281025862,0.0008,0.00011308360448977414,0.00010214119118532915,-1.0942413304444994e-05,1.0942413304444994e-05,4.728005855163253e-05,4.747786743688684e-05,1.9780888525430806e-07,1.9780888525430806e-07
1.0,0.0008,0.0,0.0,0.0,0.0,0.0,0.0,0.0,0.0
