name,value
dz_r0_c1,3.95283967606978
dz_r0_c2,4.166330934614177
dz_r0_c3,-8.884983519155391
dz_r0_c4,36.50250456909647
dz_r0_c5,26.52300485923634
dz_r1_c0,0.007718078974443995
dz_r1_c1,-4.75391464308863
dz_r1_c2,-15.93311021158425
dz_r1_c3,-34.68430122275802
dz_r1_c4,-39.3178266232906
dz_r1_c5,-28.26418734235805
dz_r1_c6,0.05669416299828082
dz_r2_c0,-0.007538412101121651
dz_r2_c1,5.878833167790086
dz_r2_c2,24.08692441763967
dz_r2_c3,44.04436073331103
dz_r2_c4,42.25663344488442
dz_r2_c5,30.1498494700993
dz_r2_c6,-0.05658477904796185
dz_r3_c1,-6.574976135432808
dz_r3_c2,-2.999258022691172
dz_r3_c3,8.287045594005296
dz_r3_c4,-44.84647223287581
dz_r3_c5,-32.01483417877306
