name,value
a0_up,-0.0006197265033390131
a1_up,-0.007263683040202709
a2_up,0.05240437560915686
a3_up,-0.04723169889747247
a4_up,0.09075044519318873
a5_up,-0.0009595512251154842
a6_up,-0.01993408830587726
a7_up,0.00495718621391632
a8_up,-0.000106203412466983
a0_lo,0.0006829586963489916
a1_lo,-0.002348413078807624
a2_lo,0.03509886896736726
a3_lo,-0.009772573484082399
a4_lo,0.04214688009022523
a5_lo,0.005039354657654743
a6_lo,0.007807851247345997
a7_lo,0.002213118357888075
a8_lo,0.0004672123863705641
